,HSI,SSE,SZ
HSI,1.0,-0.6395241810700963,0.0
SSE,-0.6395241810700963,1.0,-0.7687709813895308
SZ,0.0,-0.7687709813895308,1.0
