,HSI,SSE,SZ
HSI,0.63772912490302,-0.63772912490302,0.0
SSE,-0.63772912490302,1.5592735465621148,-0.9215444216590948
SZ,0.0,-0.9215444216590948,0.9215444216590948
