kappa,mse
-1.0,81.30397850867192
-0.95,81.13081083611294
-0.9,81.00545817064244
-0.85,80.90329135914719
-0.8,80.80712709515791
-0.75,80.70641718920577
-0.7,80.57528924255679
-0.6499999999999999,80.35225698744702
-0.6,79.80300097663813
-0.55,39.85737510037471
-0.5,4.084688088399332
-0.44999999999999996,4.311292385271467
-0.3999999999999999,4.311290795843196
-0.35,4.311284525024756
-0.29999999999999993,4.31127712398729
-0.25,4.311270945792122
-0.19999999999999996,4.311266975355068
-0.1499999999999999,4.311263034001218
-0.09999999999999998,4.311245065065176
-0.04999999999999993,4.311133154502925
0.0,4.309721480840296
0.050000000000000044,7.804139527551114
0.10000000000000009,13.51617650084335
0.15000000000000013,18.140590522596586
0.20000000000000018,21.99268429058673
0.25,24.13519909958766
0.30000000000000004,24.305175104443265
0.3500000000000001,48.461063694010534
0.40000000000000013,65.64412742139878
0.4500000000000002,82.31411318962975
0.5,65.53479891532004
0.55,83.31093164198442
0.6000000000000001,66.76449800506605
0.6500000000000001,99.72967012566336
0.7000000000000002,100.33255255657285
0.75,100.257668587636
0.8,73.61517815938598
0.8500000000000001,100.83801904028665
0.9000000000000001,99.60098305885944
0.9500000000000002,100.02658256580311
1.0,81.63856544419411
