{
  "source": "existing_26_final",
  "n_draws": 500,
  "a_median": 0.2321717653716287,
  "a_std": 0.46891042700730456,
  "b_median": 1.3281604644039424e-06,
  "b_std": 0.0081401979173907,
  "m_median": 0.0031316739013805,
  "m_std": 0.12050585562905072,
  "kappa_median": -0.0005775641256167,
  "kappa_std": 0.031078602496268003,
  "n_boot": 500
}