{
  "a": {
    "median": 0.2275561436182603,
    "q025": -0.9185166360872038,
    "q975": 0.6886190384916396,
    "std": 0.4753041354712452,
    "n": 1198
  },
  "b": {
    "median": 5.3610056836697265e-06,
    "q025": -0.00985241239173038,
    "q975": 0.0113662588222886,
    "std": 0.008059835183664633,
    "n": 1198
  },
  "m": {
    "median": 0.001129715530139,
    "q025": 0.0,
    "q975": 0.3376085622043501,
    "std": 0.11443603617001086,
    "n": 1198
  },
  "kappa": {
    "median": -0.00019638135024984999,
    "q025": -0.08272662911470922,
    "q975": 0.0391287985720473,
    "std": 0.028542408336074198,
    "n": 1198
  }
}