scenario,MSE_val
full_v2,0.8889049586504204
no_linear,1.2230733697053133
no_cubic,0.8889049586506415
no_memory,0.8889049586504204
no_noise,0.8944519363841272
