,median,q025,q975,q25,q75,std,count_valid
a,0.23217176537162876,-0.9123363771058287,0.6335504238494604,-0.19617175119507846,0.48427884889889294,0.4689104270073047,499
b,1.3281604644039424e-06,-0.0096231761876169,0.010020663688733807,-0.0004198238199407619,0.0004459621731425125,0.008140197917390714,499
m,0.003131673901380573,0.0,0.34074481248662364,0.0,0.18970900762238535,0.12050585562905063,499
kappa,-0.0005775641256167956,-0.08564742183003082,0.043422648457506804,-0.010312086770394826,0.0044132885702734895,0.031078602496268017,499
