strategy,corr_refi_euribor,g_ext_opt,mse_train,mse_val,mse_global
PCA_single,0.9876396202448061,0.043168167371853555,1.4072168154798366,2.1448746725766017,1.637734895822576
