a_T,b,m0,tau_m,D,mse_train,mse_val,success
13.246475094537846,1e-06,0.0,49.998493392009436,0.5,0.24680589634371355,0.8889049586504204,True
