{
  "kappa": 0.1,
  "alpha": 1.0,
  "b": 0.01,
  "D": 0.05,
  "T_c": 1.0,
  "delta_T": 1.0,
  "n": 1000,
  "d": 6,
  "T_log": 13.815510557964274,
  "T_star": 12.815510557964274,
  "a_T": 12.815510557964274
}